,feature_idx,cv_scores,avg_score,feature_names,ci_bound,std_dev,std_err
1,"(0,)",[0.58279221 0.56818182 0.51461039 0.56818182 0.57954545],0.5626623376623378,"('0',)",0.031797226316158424,0.024739322339673683,0.012369661169836841
2,"(0, 1)",[0.74675325 0.73051948 0.69155844 0.74512987 0.74837662],0.7324675324675326,"('0', '1')",0.027535624751736976,0.021423651540680003,0.010711825770340001
3,"(0, 1, 2)",[0.79707792 0.78733766 0.74675325 0.79545455 0.77435065],0.7801948051948051,"('0', '1', '2')",0.023848376117329893,0.01855484683406435,0.009277423417032174
4,"(0, 1, 2, 6)",[0.82142857 0.81168831 0.78571429 0.81006494 0.81168831],0.808116883116883,"('0', '1', '2', '6')",0.015298553041405115,0.011902794012872309,0.005951397006436154
5,"(0, 1, 2, 4, 6)",[0.82792208 0.81818182 0.79220779 0.81818182 0.81331169],0.813961038961039,"('0', '1', '2', '4', '6')",0.015252953676067238,0.011867316157465625,0.0059336580787328124
6,"(0, 1, 2, 3, 4, 6)",[0.83279221 0.82305195 0.79058442 0.81655844 0.82792208],0.8181818181818181,"('0', '1', '2', '3', '4', '6')",0.019031910631160737,0.01480747305323554,0.00740373652661777
